"id","uses_cover_crops","yield"
1,"yes",169.72
2,"yes",192.12
3,"no",171.74
4,"yes",196.18
5,"no",190.56
6,"yes",184.96
7,"yes",169.49
8,"no",137.22
9,"no",153.56
10,"yes",152.46
11,"no",208.42
12,"no",199.91
13,"no",145.34
14,"no",214.68
15,"no",161.46
16,"no",204.18
17,"no",192.09
18,"no",162.17
19,"no",191.15
20,"yes",172.42
21,"no",198.82
22,"yes",196.17
23,"yes",148.1
24,"no",219.36
25,"yes",176.63
26,"no",167.2
27,"no",174.73
28,"no",194.62
29,"yes",130.78
30,"yes",208.15
31,"yes",197.52
32,"yes",143.01
33,"no",160.34
34,"no",156.19
35,"yes",177.93
36,"no",232.65
37,"yes",173.71
38,"no",253.21
39,"no",182.74
40,"yes",179.84
41,"yes",165.65
42,"no",181
43,"no",185.73
44,"no",203.74
45,"yes",190.11
46,"no",170.72
47,"no",191.05
48,"yes",161.47
49,"no",198.18
50,"no",197.15
51,"no",231.81
52,"yes",171.86
53,"no",218.31
54,"no",159.31
55,"no",171.65
56,"no",165
57,"no",190.52
58,"yes",154
59,"no",164.99
60,"no",158.37
61,"yes",161.59
62,"yes",104.82
63,"no",165.96
64,"no",147.94
65,"yes",210.13
66,"yes",172.59
67,"no",145.68
68,"yes",181.33
69,"yes",181.54
70,"yes",168.73
71,"no",195.43
72,"no",173.32
73,"yes",184.65
74,"no",192.42
75,"yes",176.12
76,"no",145.87
77,"yes",171.49
78,"no",173.89
79,"yes",153.79
80,"no",159.29
81,"yes",201.02
82,"no",142.41
83,"no",134.62
84,"no",180.53
85,"yes",154
86,"no",211.85
87,"yes",204.4
88,"yes",161
89,"yes",225.74
90,"no",168.66
91,"yes",149.68
92,"yes",202.71
93,"no",165.78
94,"yes",160.61
95,"no",157.32
96,"no",128.44
97,"no",170.67
98,"yes",158.5
99,"yes",181.34
100,"yes",175.14
